person_id,name,age,department,location,image_file
P001,Aarav,28,IT,Mumbai,P001.jpg
P002,Isha,24,HR,Pune,P002.jpg
P003,Rohan,35,Finance,Delhi,P003.jpg
P004,Neha,29,Sales,Bengaluru,P004.jpg
P005,Vikram,42,Operations,Hyderabad,P005.jpg
P006,Priya,31,Marketing,Chennai,P006.jpg
P007,Karan,26,IT,Pune,P007.jpg
P008,Anjali,33,Legal,Mumbai,P008.jpg
P009,Siddharth,37,R&D,Bengaluru,P009.jpg
P010,Meera,27,Support,Delhi,P010.jpg
P011,Aditya,30,IT,Hyderabad,P011.jpg
P012,Kavya,25,HR,Chennai,P012.jpg
P013,Nikhil,38,Finance,Mumbai,P013.jpg
P014,Pooja,32,Sales,Pune,P014.jpg
P015,Arjun,29,Operations,Delhi,P015.jpg
P016,Shruti,34,Marketing,Bengaluru,P016.jpg
P017,Rahul,41,IT,Chennai,P017.jpg
P018,Divya,28,Legal,Hyderabad,P018.jpg
P019,Manish,36,R&D,Pune,P019.jpg
P020,Ritu,31,Support,Mumbai,P020.jpg
P021,Harsh,27,IT,Delhi,P021.jpg
P022,Aditi,30,HR,Bengaluru,P022.jpg
P023,Sameer,40,Finance,Chennai,P023.jpg
P024,Sneha,26,Sales,Hyderabad,P024.jpg
P025,Abhishek,33,Operations,Mumbai,P025.jpg
P026,Tanya,29,Marketing,Pune,P026.jpg
P027,Gaurav,38,IT,Bengaluru,P027.jpg
P028,Nisha,24,Legal,Delhi,P028.jpg
P029,Kunal,35,R&D,Hyderabad,P029.jpg
P030,Bhavna,32,Support,Chennai,P030.jpg
P031,Yash,28,IT,Pune,P031.jpg
P032,Radhika,31,HR,Mumbai,P032.jpg
P033,Karthik,37,Finance,Delhi,P033.jpg
P034,Sanjana,27,Sales,Bengaluru,P034.jpg
P035,Amit,41,Operations,Chennai,P035.jpg
P036,Pooja,29,Marketing,Hyderabad,P036.jpg
P037,Suresh,45,IT,Mumbai,P037.jpg
P038,Iqra,26,Legal,Pune,P038.jpg
P039,Deepak,34,R&D,Delhi,P039.jpg
P040,Nikita,31,Support,Bengaluru,P040.jpg
P041,Pranav,29,IT,Chennai,P041.jpg
P042,Simran,25,HR,Hyderabad,P042.jpg
P043,Rajesh,39,Finance,Pune,P043.jpg
P044,Alia,28,Sales,Mumbai,P044.jpg
P045,Mohit,33,Operations,Delhi,P045.jpg
P046,Kriti,27,Marketing,Bengaluru,P046.jpg
P047,Ankit,36,IT,Hyderabad,P047.jpg
P048,Fatima,30,Legal,Chennai,P048.jpg
P049,Varun,42,R&D,Mumbai,P049.jpg
P050,Pallavi,26,Support,Pune,P050.jpg
